{
    "mode": "absent",
    "checks": 78,
    "passed": true,
    "plan": 78,
    "active_plugins": [
        "backstage-venue-manager/backstage-venue-manager.php",
        "woocommerce/woocommerce.php",
        "the-events-calendar/the-events-calendar.php"
    ],
    "states": {
        "proposed": {
            "snapshot": {
                "contract_version": 2,
                "event_plan_id": 78,
                "revenue": {
                    "tickets": {
                        "amount_cents": 0,
                        "basis": "TRANSACTIONAL_ACTUAL",
                        "source": "core_ticket_revenue",
                        "scope": "ticket_channels_only",
                        "provider_id": "",
                        "calculated_at_utc": "2026-09-06 19:13:15",
                        "freshness": "calculated_from_available_records",
                        "confidence": "partial",
                        "completeness": "partial",
                        "finalized": false,
                        "verified": false,
                        "source_label": "VMS ticket revenue rows",
                        "provider_version": "",
                        "provider_freshness": [],
                        "amount_definition": "Ticket receipts: Woo net of refunds; POS follows provider scope. Not accounting gross."
                    },
                    "add_ons": {
                        "amount_cents": null,
                        "basis": "UNAVAILABLE",
                        "source": "no_distinct_revenue_contract",
                        "scope": "add_ons",
                        "provider_id": "",
                        "calculated_at_utc": null,
                        "freshness": "unknown",
                        "confidence": "partial",
                        "completeness": "partial",
                        "finalized": false,
                        "verified": false
                    },
                    "pos_other": {
                        "amount_cents": null,
                        "basis": "UNAVAILABLE",
                        "source": "no_nonoverlapping_revenue_contract",
                        "scope": "pos_non_ticket",
                        "provider_id": "",
                        "calculated_at_utc": null,
                        "freshness": "unknown",
                        "confidence": "partial",
                        "completeness": "partial",
                        "finalized": false,
                        "verified": false
                    },
                    "manual_concessions": {
                        "amount_cents": 0,
                        "basis": "MANUAL_ACTUAL",
                        "source": "event_plan_manual_concessions",
                        "scope": "concessions",
                        "provider_id": "",
                        "calculated_at_utc": null,
                        "freshness": "unknown",
                        "confidence": "operator_reported_not_independently_verified",
                        "completeness": "partial",
                        "finalized": false,
                        "verified": false
                    },
                    "manual_override": {
                        "amount_cents": null,
                        "basis": "UNAVAILABLE",
                        "source": "no_verified_event_override_contract",
                        "scope": "event_total",
                        "provider_id": "",
                        "calculated_at_utc": null,
                        "freshness": "unknown",
                        "confidence": "partial",
                        "completeness": "partial",
                        "finalized": false,
                        "verified": false
                    }
                },
                "costs": {
                    "direct": {
                        "amount_cents": 0,
                        "basis": "MANUAL_ACTUAL",
                        "source": "event_plan_direct",
                        "scope": "direct_cost",
                        "provider_id": "",
                        "calculated_at_utc": null,
                        "freshness": "unknown",
                        "confidence": "operator_reported_not_independently_verified",
                        "completeness": "partial",
                        "finalized": false,
                        "verified": false
                    },
                    "processing": {
                        "amount_cents": 0,
                        "basis": "MANUAL_ACTUAL",
                        "source": "event_plan_processing",
                        "scope": "processing_cost",
                        "provider_id": "",
                        "calculated_at_utc": null,
                        "freshness": "unknown",
                        "confidence": "operator_reported_not_independently_verified",
                        "completeness": "partial",
                        "finalized": false,
                        "verified": false
                    },
                    "labor": {
                        "amount_cents": null,
                        "basis": "UNAVAILABLE",
                        "source": "no_paid_payroll_source",
                        "scope": "paid_labor",
                        "provider_id": "",
                        "calculated_at_utc": null,
                        "freshness": "unknown",
                        "confidence": "partial",
                        "completeness": "partial",
                        "finalized": false,
                        "verified": false
                    }
                },
                "actual": {
                    "gross": {
                        "amount_cents": null,
                        "basis": "UNAVAILABLE",
                        "source": "incomplete_revenue_channels",
                        "scope": "complete_event_gross",
                        "provider_id": "",
                        "calculated_at_utc": null,
                        "freshness": "unknown",
                        "confidence": "partial",
                        "completeness": "partial",
                        "finalized": false,
                        "verified": false
                    },
                    "ticket_receipts": {
                        "amount_cents": 0,
                        "basis": "TRANSACTIONAL_ACTUAL",
                        "source": "core_ticket_revenue",
                        "scope": "ticket_channels_only",
                        "provider_id": "",
                        "calculated_at_utc": "2026-09-06 19:13:15",
                        "freshness": "calculated_from_available_records",
                        "confidence": "partial",
                        "completeness": "partial",
                        "finalized": false,
                        "verified": false,
                        "source_label": "VMS ticket revenue rows",
                        "provider_version": "",
                        "provider_freshness": [],
                        "amount_definition": "Ticket receipts: Woo net of refunds; POS follows provider scope. Not accounting gross."
                    },
                    "known_costs": {
                        "amount_cents": 0,
                        "basis": "MANUAL_ACTUAL",
                        "source": "reported_direct_and_processing",
                        "scope": "known_costs_only",
                        "provider_id": "",
                        "calculated_at_utc": null,
                        "freshness": "unknown",
                        "confidence": "partial",
                        "completeness": "partial",
                        "finalized": false,
                        "verified": false
                    },
                    "margin": {
                        "amount_cents": 0,
                        "basis": "DERIVED_ACTUAL",
                        "source": "ticket_receipts_less_known_reported_costs",
                        "scope": "ticket_contribution_excluding_labor_and_missing_costs",
                        "provider_id": "",
                        "calculated_at_utc": null,
                        "freshness": "unknown",
                        "confidence": "provisional",
                        "completeness": "partial",
                        "finalized": false,
                        "verified": false,
                        "component_bases": [
                            "TRANSACTIONAL_ACTUAL",
                            "MANUAL_ACTUAL"
                        ]
                    }
                },
                "staffing": {
                    "planned": {
                        "amount_cents": 5000,
                        "basis": "PLANNED_LABOR",
                        "source": "normalized_staffing_lifecycle",
                        "scope": "active_slot_required_headcount",
                        "provider_id": "",
                        "calculated_at_utc": null,
                        "freshness": "current_normalized_rows",
                        "confidence": "partial",
                        "completeness": "partial",
                        "finalized": false,
                        "verified": false,
                        "reason": "",
                        "authority": "normalized",
                        "legacy_ignored": false,
                        "planned_headcount": 2,
                        "proposed_headcount": 1,
                        "confirmed_headcount": 0,
                        "excluded_assignment_count": 0,
                        "assignment_revisions": {
                            "41": 1
                        },
                        "rate_precedence": "assignment_override_then_slot_then_role",
                        "actual_reason": "no_verified_payroll_authority",
                        "fingerprint": "be15a20555a70a2ccd2ef8dad84a41e67fa18723bef2db808d67bf21723c6c9c"
                    },
                    "committed": {
                        "amount_cents": 0,
                        "basis": "COMMITTED_LABOR",
                        "source": "normalized_staffing_lifecycle",
                        "scope": "confirmed_assignment_estimate",
                        "provider_id": "",
                        "calculated_at_utc": null,
                        "freshness": "current_normalized_rows",
                        "confidence": "partial",
                        "completeness": "partial",
                        "finalized": false,
                        "verified": false,
                        "reason": "",
                        "authority": "normalized",
                        "legacy_ignored": false,
                        "planned_headcount": 2,
                        "proposed_headcount": 1,
                        "confirmed_headcount": 0,
                        "excluded_assignment_count": 0,
                        "assignment_revisions": {
                            "41": 1
                        },
                        "rate_precedence": "assignment_override_then_slot_then_role",
                        "actual_reason": "no_verified_payroll_authority",
                        "fingerprint": "be15a20555a70a2ccd2ef8dad84a41e67fa18723bef2db808d67bf21723c6c9c"
                    },
                    "actual": {
                        "amount_cents": null,
                        "basis": "UNAVAILABLE",
                        "source": "no_paid_payroll_source",
                        "scope": "paid_labor",
                        "provider_id": "",
                        "calculated_at_utc": null,
                        "freshness": "unknown",
                        "confidence": "partial",
                        "completeness": "partial",
                        "finalized": false,
                        "verified": false
                    }
                },
                "forecast": {
                    "gross": {
                        "amount_cents": 0,
                        "basis": "FORECAST",
                        "source": "goals_forecast_model",
                        "scope": "modeled_event_revenue",
                        "provider_id": "",
                        "calculated_at_utc": null,
                        "freshness": "unknown",
                        "confidence": "partial",
                        "completeness": "partial",
                        "finalized": false,
                        "verified": false
                    },
                    "costs": {
                        "amount_cents": 5000,
                        "basis": "FORECAST",
                        "source": "configured_costs_and_planned_labor",
                        "scope": "direct_costs_excluding_overhead",
                        "provider_id": "",
                        "calculated_at_utc": null,
                        "freshness": "unknown",
                        "confidence": "partial",
                        "completeness": "partial",
                        "finalized": false,
                        "verified": false
                    },
                    "margin": {
                        "amount_cents": -5000,
                        "basis": "FORECAST",
                        "source": "goals_model_less_planned_labor",
                        "scope": "direct_margin_excluding_overhead",
                        "provider_id": "",
                        "calculated_at_utc": null,
                        "freshness": "unknown",
                        "confidence": "partial",
                        "completeness": "partial",
                        "finalized": false,
                        "verified": false
                    },
                    "labor": {
                        "amount_cents": 5000,
                        "basis": "PLANNED_LABOR",
                        "source": "normalized_staffing_lifecycle",
                        "scope": "active_slot_required_headcount",
                        "provider_id": "",
                        "calculated_at_utc": null,
                        "freshness": "current_normalized_rows",
                        "confidence": "partial",
                        "completeness": "partial",
                        "finalized": false,
                        "verified": false,
                        "reason": "",
                        "authority": "normalized",
                        "legacy_ignored": false,
                        "planned_headcount": 2,
                        "proposed_headcount": 1,
                        "confirmed_headcount": 0,
                        "excluded_assignment_count": 0,
                        "assignment_revisions": {
                            "41": 1
                        },
                        "rate_precedence": "assignment_override_then_slot_then_role",
                        "actual_reason": "no_verified_payroll_authority",
                        "fingerprint": "be15a20555a70a2ccd2ef8dad84a41e67fa18723bef2db808d67bf21723c6c9c"
                    },
                    "direct": {
                        "amount_cents": 0,
                        "basis": "FORECAST",
                        "source": "configured_compensation",
                        "scope": "direct_costs",
                        "provider_id": "",
                        "calculated_at_utc": null,
                        "freshness": "unknown",
                        "confidence": "partial",
                        "completeness": "partial",
                        "finalized": false,
                        "verified": false
                    },
                    "processing": {
                        "amount_cents": 0,
                        "basis": "FORECAST",
                        "source": "configured_processing_fees",
                        "scope": "processing",
                        "provider_id": "",
                        "calculated_at_utc": null,
                        "freshness": "unknown",
                        "confidence": "partial",
                        "completeness": "partial",
                        "finalized": false,
                        "verified": false
                    }
                },
                "final": {
                    "amount_cents": null,
                    "basis": "UNAVAILABLE",
                    "source": "no_accounting_final_source",
                    "scope": "event",
                    "provider_id": "",
                    "calculated_at_utc": null,
                    "freshness": "unknown",
                    "confidence": "partial",
                    "completeness": "partial",
                    "finalized": false,
                    "verified": false
                },
                "recorded_observations": [],
                "ticket_qty": 0,
                "warnings": []
            },
            "ticket_truth": {
                "available": true,
                "calculated": true,
                "source": "core_ticket_revenue",
                "source_label": "VMS ticket revenue rows",
                "paid_qty": 0,
                "free_qty": 0,
                "total_qty": 0,
                "revenue_cents": 0,
                "warnings": []
            },
            "profitability_row": {
                "event_plan_id": 78,
                "title": "Financial provider absent 83347ee3-69c5-4750-978d-fb404a5d36b1",
                "event_ts": 1976529600,
                "event_date_raw": "2032-08-19",
                "event_date_label": "August 19, 2032",
                "start_time_label": "12:00",
                "is_past": false,
                "status": "confirmed",
                "status_label": "Confirmed",
                "stage_label": "Projected",
                "badge_label": "Bust",
                "badge_class": "is-bust",
                "venue_name": "",
                "ticket_qty": 0,
                "financial_snapshot": {
                    "contract_version": 2,
                    "event_plan_id": 78,
                    "revenue": {
                        "tickets": {
                            "amount_cents": 0,
                            "basis": "TRANSACTIONAL_ACTUAL",
                            "source": "core_ticket_revenue",
                            "scope": "ticket_channels_only",
                            "provider_id": "",
                            "calculated_at_utc": "2026-09-06 19:13:15",
                            "freshness": "calculated_from_available_records",
                            "confidence": "partial",
                            "completeness": "partial",
                            "finalized": false,
                            "verified": false,
                            "source_label": "VMS ticket revenue rows",
                            "provider_version": "",
                            "provider_freshness": [],
                            "amount_definition": "Ticket receipts: Woo net of refunds; POS follows provider scope. Not accounting gross."
                        },
                        "add_ons": {
                            "amount_cents": null,
                            "basis": "UNAVAILABLE",
                            "source": "no_distinct_revenue_contract",
                            "scope": "add_ons",
                            "provider_id": "",
                            "calculated_at_utc": null,
                            "freshness": "unknown",
                            "confidence": "partial",
                            "completeness": "partial",
                            "finalized": false,
                            "verified": false
                        },
                        "pos_other": {
                            "amount_cents": null,
                            "basis": "UNAVAILABLE",
                            "source": "no_nonoverlapping_revenue_contract",
                            "scope": "pos_non_ticket",
                            "provider_id": "",
                            "calculated_at_utc": null,
                            "freshness": "unknown",
                            "confidence": "partial",
                            "completeness": "partial",
                            "finalized": false,
                            "verified": false
                        },
                        "manual_concessions": {
                            "amount_cents": 0,
                            "basis": "MANUAL_ACTUAL",
                            "source": "event_plan_manual_concessions",
                            "scope": "concessions",
                            "provider_id": "",
                            "calculated_at_utc": null,
                            "freshness": "unknown",
                            "confidence": "operator_reported_not_independently_verified",
                            "completeness": "partial",
                            "finalized": false,
                            "verified": false
                        },
                        "manual_override": {
                            "amount_cents": null,
                            "basis": "UNAVAILABLE",
                            "source": "no_verified_event_override_contract",
                            "scope": "event_total",
                            "provider_id": "",
                            "calculated_at_utc": null,
                            "freshness": "unknown",
                            "confidence": "partial",
                            "completeness": "partial",
                            "finalized": false,
                            "verified": false
                        }
                    },
                    "costs": {
                        "direct": {
                            "amount_cents": 0,
                            "basis": "MANUAL_ACTUAL",
                            "source": "event_plan_direct",
                            "scope": "direct_cost",
                            "provider_id": "",
                            "calculated_at_utc": null,
                            "freshness": "unknown",
                            "confidence": "operator_reported_not_independently_verified",
                            "completeness": "partial",
                            "finalized": false,
                            "verified": false
                        },
                        "processing": {
                            "amount_cents": 0,
                            "basis": "MANUAL_ACTUAL",
                            "source": "event_plan_processing",
                            "scope": "processing_cost",
                            "provider_id": "",
                            "calculated_at_utc": null,
                            "freshness": "unknown",
                            "confidence": "operator_reported_not_independently_verified",
                            "completeness": "partial",
                            "finalized": false,
                            "verified": false
                        },
                        "labor": {
                            "amount_cents": null,
                            "basis": "UNAVAILABLE",
                            "source": "no_paid_payroll_source",
                            "scope": "paid_labor",
                            "provider_id": "",
                            "calculated_at_utc": null,
                            "freshness": "unknown",
                            "confidence": "partial",
                            "completeness": "partial",
                            "finalized": false,
                            "verified": false
                        }
                    },
                    "actual": {
                        "gross": {
                            "amount_cents": null,
                            "basis": "UNAVAILABLE",
                            "source": "incomplete_revenue_channels",
                            "scope": "complete_event_gross",
                            "provider_id": "",
                            "calculated_at_utc": null,
                            "freshness": "unknown",
                            "confidence": "partial",
                            "completeness": "partial",
                            "finalized": false,
                            "verified": false
                        },
                        "ticket_receipts": {
                            "amount_cents": 0,
                            "basis": "TRANSACTIONAL_ACTUAL",
                            "source": "core_ticket_revenue",
                            "scope": "ticket_channels_only",
                            "provider_id": "",
                            "calculated_at_utc": "2026-09-06 19:13:15",
                            "freshness": "calculated_from_available_records",
                            "confidence": "partial",
                            "completeness": "partial",
                            "finalized": false,
                            "verified": false,
                            "source_label": "VMS ticket revenue rows",
                            "provider_version": "",
                            "provider_freshness": [],
                            "amount_definition": "Ticket receipts: Woo net of refunds; POS follows provider scope. Not accounting gross."
                        },
                        "known_costs": {
                            "amount_cents": 0,
                            "basis": "MANUAL_ACTUAL",
                            "source": "reported_direct_and_processing",
                            "scope": "known_costs_only",
                            "provider_id": "",
                            "calculated_at_utc": null,
                            "freshness": "unknown",
                            "confidence": "partial",
                            "completeness": "partial",
                            "finalized": false,
                            "verified": false
                        },
                        "margin": {
                            "amount_cents": 0,
                            "basis": "DERIVED_ACTUAL",
                            "source": "ticket_receipts_less_known_reported_costs",
                            "scope": "ticket_contribution_excluding_labor_and_missing_costs",
                            "provider_id": "",
                            "calculated_at_utc": null,
                            "freshness": "unknown",
                            "confidence": "provisional",
                            "completeness": "partial",
                            "finalized": false,
                            "verified": false,
                            "component_bases": [
                                "TRANSACTIONAL_ACTUAL",
                                "MANUAL_ACTUAL"
                            ]
                        }
                    },
                    "staffing": {
                        "planned": {
                            "amount_cents": 5000,
                            "basis": "PLANNED_LABOR",
                            "source": "normalized_staffing_lifecycle",
                            "scope": "active_slot_required_headcount",
                            "provider_id": "",
                            "calculated_at_utc": null,
                            "freshness": "current_normalized_rows",
                            "confidence": "partial",
                            "completeness": "partial",
                            "finalized": false,
                            "verified": false,
                            "reason": "",
                            "authority": "normalized",
                            "legacy_ignored": false,
                            "planned_headcount": 2,
                            "proposed_headcount": 1,
                            "confirmed_headcount": 0,
                            "excluded_assignment_count": 0,
                            "assignment_revisions": {
                                "41": 1
                            },
                            "rate_precedence": "assignment_override_then_slot_then_role",
                            "actual_reason": "no_verified_payroll_authority",
                            "fingerprint": "be15a20555a70a2ccd2ef8dad84a41e67fa18723bef2db808d67bf21723c6c9c"
                        },
                        "committed": {
                            "amount_cents": 0,
                            "basis": "COMMITTED_LABOR",
                            "source": "normalized_staffing_lifecycle",
                            "scope": "confirmed_assignment_estimate",
                            "provider_id": "",
                            "calculated_at_utc": null,
                            "freshness": "current_normalized_rows",
                            "confidence": "partial",
                            "completeness": "partial",
                            "finalized": false,
                            "verified": false,
                            "reason": "",
                            "authority": "normalized",
                            "legacy_ignored": false,
                            "planned_headcount": 2,
                            "proposed_headcount": 1,
                            "confirmed_headcount": 0,
                            "excluded_assignment_count": 0,
                            "assignment_revisions": {
                                "41": 1
                            },
                            "rate_precedence": "assignment_override_then_slot_then_role",
                            "actual_reason": "no_verified_payroll_authority",
                            "fingerprint": "be15a20555a70a2ccd2ef8dad84a41e67fa18723bef2db808d67bf21723c6c9c"
                        },
                        "actual": {
                            "amount_cents": null,
                            "basis": "UNAVAILABLE",
                            "source": "no_paid_payroll_source",
                            "scope": "paid_labor",
                            "provider_id": "",
                            "calculated_at_utc": null,
                            "freshness": "unknown",
                            "confidence": "partial",
                            "completeness": "partial",
                            "finalized": false,
                            "verified": false
                        }
                    },
                    "forecast": {
                        "gross": {
                            "amount_cents": 0,
                            "basis": "FORECAST",
                            "source": "goals_forecast_model",
                            "scope": "modeled_event_revenue",
                            "provider_id": "",
                            "calculated_at_utc": null,
                            "freshness": "unknown",
                            "confidence": "partial",
                            "completeness": "partial",
                            "finalized": false,
                            "verified": false
                        },
                        "costs": {
                            "amount_cents": 5000,
                            "basis": "FORECAST",
                            "source": "configured_costs_and_planned_labor",
                            "scope": "direct_costs_excluding_overhead",
                            "provider_id": "",
                            "calculated_at_utc": null,
                            "freshness": "unknown",
                            "confidence": "partial",
                            "completeness": "partial",
                            "finalized": false,
                            "verified": false
                        },
                        "margin": {
                            "amount_cents": -5000,
                            "basis": "FORECAST",
                            "source": "goals_model_less_planned_labor",
                            "scope": "direct_margin_excluding_overhead",
                            "provider_id": "",
                            "calculated_at_utc": null,
                            "freshness": "unknown",
                            "confidence": "partial",
                            "completeness": "partial",
                            "finalized": false,
                            "verified": false
                        },
                        "labor": {
                            "amount_cents": 5000,
                            "basis": "PLANNED_LABOR",
                            "source": "normalized_staffing_lifecycle",
                            "scope": "active_slot_required_headcount",
                            "provider_id": "",
                            "calculated_at_utc": null,
                            "freshness": "current_normalized_rows",
                            "confidence": "partial",
                            "completeness": "partial",
                            "finalized": false,
                            "verified": false,
                            "reason": "",
                            "authority": "normalized",
                            "legacy_ignored": false,
                            "planned_headcount": 2,
                            "proposed_headcount": 1,
                            "confirmed_headcount": 0,
                            "excluded_assignment_count": 0,
                            "assignment_revisions": {
                                "41": 1
                            },
                            "rate_precedence": "assignment_override_then_slot_then_role",
                            "actual_reason": "no_verified_payroll_authority",
                            "fingerprint": "be15a20555a70a2ccd2ef8dad84a41e67fa18723bef2db808d67bf21723c6c9c"
                        },
                        "direct": {
                            "amount_cents": 0,
                            "basis": "FORECAST",
                            "source": "configured_compensation",
                            "scope": "direct_costs",
                            "provider_id": "",
                            "calculated_at_utc": null,
                            "freshness": "unknown",
                            "confidence": "partial",
                            "completeness": "partial",
                            "finalized": false,
                            "verified": false
                        },
                        "processing": {
                            "amount_cents": 0,
                            "basis": "FORECAST",
                            "source": "configured_processing_fees",
                            "scope": "processing",
                            "provider_id": "",
                            "calculated_at_utc": null,
                            "freshness": "unknown",
                            "confidence": "partial",
                            "completeness": "partial",
                            "finalized": false,
                            "verified": false
                        }
                    },
                    "final": {
                        "amount_cents": null,
                        "basis": "UNAVAILABLE",
                        "source": "no_accounting_final_source",
                        "scope": "event",
                        "provider_id": "",
                        "calculated_at_utc": null,
                        "freshness": "unknown",
                        "confidence": "partial",
                        "completeness": "partial",
                        "finalized": false,
                        "verified": false
                    },
                    "recorded_observations": [],
                    "ticket_qty": 0,
                    "warnings": []
                },
                "contribution_basis": "MIXED_PLANNING_ESTIMATE",
                "processing_cents": 0,
                "ticket_revenue_cents": 0,
                "concessions_cents": 0,
                "vendor_cost_cents": 0,
                "labor_cents": 5000,
                "core_profit_cents": -5000,
                "estimated_bar_profit_cents": 0,
                "total_contribution_cents": -5000,
                "edit_link": "http://127.0.0.1:8791/wp-admin/post.php?post=78&action=edit"
            },
            "goals_html_sha256": "3ca91b5a18c3ff63a13c77a476eeb0637374522ba74fea4320b2c4a8f255b12c",
            "profitability_html_sha256": "1303f699d7169df1aa589daf69381ae94d8db530f59d88b41acae46990789193"
        },
        "confirmed": {
            "snapshot": {
                "contract_version": 2,
                "event_plan_id": 78,
                "revenue": {
                    "tickets": {
                        "amount_cents": 0,
                        "basis": "TRANSACTIONAL_ACTUAL",
                        "source": "core_ticket_revenue",
                        "scope": "ticket_channels_only",
                        "provider_id": "",
                        "calculated_at_utc": "2026-09-06 19:13:15",
                        "freshness": "calculated_from_available_records",
                        "confidence": "partial",
                        "completeness": "partial",
                        "finalized": false,
                        "verified": false,
                        "source_label": "VMS ticket revenue rows",
                        "provider_version": "",
                        "provider_freshness": [],
                        "amount_definition": "Ticket receipts: Woo net of refunds; POS follows provider scope. Not accounting gross."
                    },
                    "add_ons": {
                        "amount_cents": null,
                        "basis": "UNAVAILABLE",
                        "source": "no_distinct_revenue_contract",
                        "scope": "add_ons",
                        "provider_id": "",
                        "calculated_at_utc": null,
                        "freshness": "unknown",
                        "confidence": "partial",
                        "completeness": "partial",
                        "finalized": false,
                        "verified": false
                    },
                    "pos_other": {
                        "amount_cents": null,
                        "basis": "UNAVAILABLE",
                        "source": "no_nonoverlapping_revenue_contract",
                        "scope": "pos_non_ticket",
                        "provider_id": "",
                        "calculated_at_utc": null,
                        "freshness": "unknown",
                        "confidence": "partial",
                        "completeness": "partial",
                        "finalized": false,
                        "verified": false
                    },
                    "manual_concessions": {
                        "amount_cents": 0,
                        "basis": "MANUAL_ACTUAL",
                        "source": "event_plan_manual_concessions",
                        "scope": "concessions",
                        "provider_id": "",
                        "calculated_at_utc": null,
                        "freshness": "unknown",
                        "confidence": "operator_reported_not_independently_verified",
                        "completeness": "partial",
                        "finalized": false,
                        "verified": false
                    },
                    "manual_override": {
                        "amount_cents": null,
                        "basis": "UNAVAILABLE",
                        "source": "no_verified_event_override_contract",
                        "scope": "event_total",
                        "provider_id": "",
                        "calculated_at_utc": null,
                        "freshness": "unknown",
                        "confidence": "partial",
                        "completeness": "partial",
                        "finalized": false,
                        "verified": false
                    }
                },
                "costs": {
                    "direct": {
                        "amount_cents": 0,
                        "basis": "MANUAL_ACTUAL",
                        "source": "event_plan_direct",
                        "scope": "direct_cost",
                        "provider_id": "",
                        "calculated_at_utc": null,
                        "freshness": "unknown",
                        "confidence": "operator_reported_not_independently_verified",
                        "completeness": "partial",
                        "finalized": false,
                        "verified": false
                    },
                    "processing": {
                        "amount_cents": 0,
                        "basis": "MANUAL_ACTUAL",
                        "source": "event_plan_processing",
                        "scope": "processing_cost",
                        "provider_id": "",
                        "calculated_at_utc": null,
                        "freshness": "unknown",
                        "confidence": "operator_reported_not_independently_verified",
                        "completeness": "partial",
                        "finalized": false,
                        "verified": false
                    },
                    "labor": {
                        "amount_cents": null,
                        "basis": "UNAVAILABLE",
                        "source": "no_paid_payroll_source",
                        "scope": "paid_labor",
                        "provider_id": "",
                        "calculated_at_utc": null,
                        "freshness": "unknown",
                        "confidence": "partial",
                        "completeness": "partial",
                        "finalized": false,
                        "verified": false
                    }
                },
                "actual": {
                    "gross": {
                        "amount_cents": null,
                        "basis": "UNAVAILABLE",
                        "source": "incomplete_revenue_channels",
                        "scope": "complete_event_gross",
                        "provider_id": "",
                        "calculated_at_utc": null,
                        "freshness": "unknown",
                        "confidence": "partial",
                        "completeness": "partial",
                        "finalized": false,
                        "verified": false
                    },
                    "ticket_receipts": {
                        "amount_cents": 0,
                        "basis": "TRANSACTIONAL_ACTUAL",
                        "source": "core_ticket_revenue",
                        "scope": "ticket_channels_only",
                        "provider_id": "",
                        "calculated_at_utc": "2026-09-06 19:13:15",
                        "freshness": "calculated_from_available_records",
                        "confidence": "partial",
                        "completeness": "partial",
                        "finalized": false,
                        "verified": false,
                        "source_label": "VMS ticket revenue rows",
                        "provider_version": "",
                        "provider_freshness": [],
                        "amount_definition": "Ticket receipts: Woo net of refunds; POS follows provider scope. Not accounting gross."
                    },
                    "known_costs": {
                        "amount_cents": 0,
                        "basis": "MANUAL_ACTUAL",
                        "source": "reported_direct_and_processing",
                        "scope": "known_costs_only",
                        "provider_id": "",
                        "calculated_at_utc": null,
                        "freshness": "unknown",
                        "confidence": "partial",
                        "completeness": "partial",
                        "finalized": false,
                        "verified": false
                    },
                    "margin": {
                        "amount_cents": 0,
                        "basis": "DERIVED_ACTUAL",
                        "source": "ticket_receipts_less_known_reported_costs",
                        "scope": "ticket_contribution_excluding_labor_and_missing_costs",
                        "provider_id": "",
                        "calculated_at_utc": null,
                        "freshness": "unknown",
                        "confidence": "provisional",
                        "completeness": "partial",
                        "finalized": false,
                        "verified": false,
                        "component_bases": [
                            "TRANSACTIONAL_ACTUAL",
                            "MANUAL_ACTUAL"
                        ]
                    }
                },
                "staffing": {
                    "planned": {
                        "amount_cents": 5000,
                        "basis": "PLANNED_LABOR",
                        "source": "normalized_staffing_lifecycle",
                        "scope": "active_slot_required_headcount",
                        "provider_id": "",
                        "calculated_at_utc": null,
                        "freshness": "current_normalized_rows",
                        "confidence": "partial",
                        "completeness": "partial",
                        "finalized": false,
                        "verified": false,
                        "reason": "",
                        "authority": "normalized",
                        "legacy_ignored": false,
                        "planned_headcount": 2,
                        "proposed_headcount": 0,
                        "confirmed_headcount": 1,
                        "excluded_assignment_count": 0,
                        "assignment_revisions": {
                            "41": 2
                        },
                        "rate_precedence": "assignment_override_then_slot_then_role",
                        "actual_reason": "no_verified_payroll_authority",
                        "fingerprint": "843f3ed1ce823ebab06f907055e9b4649bf9c5b01a7d961be85b2a6cfd592571"
                    },
                    "committed": {
                        "amount_cents": 2500,
                        "basis": "COMMITTED_LABOR",
                        "source": "normalized_staffing_lifecycle",
                        "scope": "confirmed_assignment_estimate",
                        "provider_id": "",
                        "calculated_at_utc": null,
                        "freshness": "current_normalized_rows",
                        "confidence": "partial",
                        "completeness": "partial",
                        "finalized": false,
                        "verified": false,
                        "reason": "",
                        "authority": "normalized",
                        "legacy_ignored": false,
                        "planned_headcount": 2,
                        "proposed_headcount": 0,
                        "confirmed_headcount": 1,
                        "excluded_assignment_count": 0,
                        "assignment_revisions": {
                            "41": 2
                        },
                        "rate_precedence": "assignment_override_then_slot_then_role",
                        "actual_reason": "no_verified_payroll_authority",
                        "fingerprint": "843f3ed1ce823ebab06f907055e9b4649bf9c5b01a7d961be85b2a6cfd592571"
                    },
                    "actual": {
                        "amount_cents": null,
                        "basis": "UNAVAILABLE",
                        "source": "no_paid_payroll_source",
                        "scope": "paid_labor",
                        "provider_id": "",
                        "calculated_at_utc": null,
                        "freshness": "unknown",
                        "confidence": "partial",
                        "completeness": "partial",
                        "finalized": false,
                        "verified": false
                    }
                },
                "forecast": {
                    "gross": {
                        "amount_cents": 0,
                        "basis": "FORECAST",
                        "source": "goals_forecast_model",
                        "scope": "modeled_event_revenue",
                        "provider_id": "",
                        "calculated_at_utc": null,
                        "freshness": "unknown",
                        "confidence": "partial",
                        "completeness": "partial",
                        "finalized": false,
                        "verified": false
                    },
                    "costs": {
                        "amount_cents": 5000,
                        "basis": "FORECAST",
                        "source": "configured_costs_and_planned_labor",
                        "scope": "direct_costs_excluding_overhead",
                        "provider_id": "",
                        "calculated_at_utc": null,
                        "freshness": "unknown",
                        "confidence": "partial",
                        "completeness": "partial",
                        "finalized": false,
                        "verified": false
                    },
                    "margin": {
                        "amount_cents": -5000,
                        "basis": "FORECAST",
                        "source": "goals_model_less_planned_labor",
                        "scope": "direct_margin_excluding_overhead",
                        "provider_id": "",
                        "calculated_at_utc": null,
                        "freshness": "unknown",
                        "confidence": "partial",
                        "completeness": "partial",
                        "finalized": false,
                        "verified": false
                    },
                    "labor": {
                        "amount_cents": 5000,
                        "basis": "PLANNED_LABOR",
                        "source": "normalized_staffing_lifecycle",
                        "scope": "active_slot_required_headcount",
                        "provider_id": "",
                        "calculated_at_utc": null,
                        "freshness": "current_normalized_rows",
                        "confidence": "partial",
                        "completeness": "partial",
                        "finalized": false,
                        "verified": false,
                        "reason": "",
                        "authority": "normalized",
                        "legacy_ignored": false,
                        "planned_headcount": 2,
                        "proposed_headcount": 0,
                        "confirmed_headcount": 1,
                        "excluded_assignment_count": 0,
                        "assignment_revisions": {
                            "41": 2
                        },
                        "rate_precedence": "assignment_override_then_slot_then_role",
                        "actual_reason": "no_verified_payroll_authority",
                        "fingerprint": "843f3ed1ce823ebab06f907055e9b4649bf9c5b01a7d961be85b2a6cfd592571"
                    },
                    "direct": {
                        "amount_cents": 0,
                        "basis": "FORECAST",
                        "source": "configured_compensation",
                        "scope": "direct_costs",
                        "provider_id": "",
                        "calculated_at_utc": null,
                        "freshness": "unknown",
                        "confidence": "partial",
                        "completeness": "partial",
                        "finalized": false,
                        "verified": false
                    },
                    "processing": {
                        "amount_cents": 0,
                        "basis": "FORECAST",
                        "source": "configured_processing_fees",
                        "scope": "processing",
                        "provider_id": "",
                        "calculated_at_utc": null,
                        "freshness": "unknown",
                        "confidence": "partial",
                        "completeness": "partial",
                        "finalized": false,
                        "verified": false
                    }
                },
                "final": {
                    "amount_cents": null,
                    "basis": "UNAVAILABLE",
                    "source": "no_accounting_final_source",
                    "scope": "event",
                    "provider_id": "",
                    "calculated_at_utc": null,
                    "freshness": "unknown",
                    "confidence": "partial",
                    "completeness": "partial",
                    "finalized": false,
                    "verified": false
                },
                "recorded_observations": [],
                "ticket_qty": 0,
                "warnings": []
            },
            "ticket_truth": {
                "available": true,
                "calculated": true,
                "source": "core_ticket_revenue",
                "source_label": "VMS ticket revenue rows",
                "paid_qty": 0,
                "free_qty": 0,
                "total_qty": 0,
                "revenue_cents": 0,
                "warnings": []
            },
            "profitability_row": {
                "event_plan_id": 78,
                "title": "Financial provider absent 83347ee3-69c5-4750-978d-fb404a5d36b1",
                "event_ts": 1976529600,
                "event_date_raw": "2032-08-19",
                "event_date_label": "August 19, 2032",
                "start_time_label": "12:00",
                "is_past": false,
                "status": "confirmed",
                "status_label": "Confirmed",
                "stage_label": "Projected",
                "badge_label": "Bust",
                "badge_class": "is-bust",
                "venue_name": "",
                "ticket_qty": 0,
                "financial_snapshot": {
                    "contract_version": 2,
                    "event_plan_id": 78,
                    "revenue": {
                        "tickets": {
                            "amount_cents": 0,
                            "basis": "TRANSACTIONAL_ACTUAL",
                            "source": "core_ticket_revenue",
                            "scope": "ticket_channels_only",
                            "provider_id": "",
                            "calculated_at_utc": "2026-09-06 19:13:15",
                            "freshness": "calculated_from_available_records",
                            "confidence": "partial",
                            "completeness": "partial",
                            "finalized": false,
                            "verified": false,
                            "source_label": "VMS ticket revenue rows",
                            "provider_version": "",
                            "provider_freshness": [],
                            "amount_definition": "Ticket receipts: Woo net of refunds; POS follows provider scope. Not accounting gross."
                        },
                        "add_ons": {
                            "amount_cents": null,
                            "basis": "UNAVAILABLE",
                            "source": "no_distinct_revenue_contract",
                            "scope": "add_ons",
                            "provider_id": "",
                            "calculated_at_utc": null,
                            "freshness": "unknown",
                            "confidence": "partial",
                            "completeness": "partial",
                            "finalized": false,
                            "verified": false
                        },
                        "pos_other": {
                            "amount_cents": null,
                            "basis": "UNAVAILABLE",
                            "source": "no_nonoverlapping_revenue_contract",
                            "scope": "pos_non_ticket",
                            "provider_id": "",
                            "calculated_at_utc": null,
                            "freshness": "unknown",
                            "confidence": "partial",
                            "completeness": "partial",
                            "finalized": false,
                            "verified": false
                        },
                        "manual_concessions": {
                            "amount_cents": 0,
                            "basis": "MANUAL_ACTUAL",
                            "source": "event_plan_manual_concessions",
                            "scope": "concessions",
                            "provider_id": "",
                            "calculated_at_utc": null,
                            "freshness": "unknown",
                            "confidence": "operator_reported_not_independently_verified",
                            "completeness": "partial",
                            "finalized": false,
                            "verified": false
                        },
                        "manual_override": {
                            "amount_cents": null,
                            "basis": "UNAVAILABLE",
                            "source": "no_verified_event_override_contract",
                            "scope": "event_total",
                            "provider_id": "",
                            "calculated_at_utc": null,
                            "freshness": "unknown",
                            "confidence": "partial",
                            "completeness": "partial",
                            "finalized": false,
                            "verified": false
                        }
                    },
                    "costs": {
                        "direct": {
                            "amount_cents": 0,
                            "basis": "MANUAL_ACTUAL",
                            "source": "event_plan_direct",
                            "scope": "direct_cost",
                            "provider_id": "",
                            "calculated_at_utc": null,
                            "freshness": "unknown",
                            "confidence": "operator_reported_not_independently_verified",
                            "completeness": "partial",
                            "finalized": false,
                            "verified": false
                        },
                        "processing": {
                            "amount_cents": 0,
                            "basis": "MANUAL_ACTUAL",
                            "source": "event_plan_processing",
                            "scope": "processing_cost",
                            "provider_id": "",
                            "calculated_at_utc": null,
                            "freshness": "unknown",
                            "confidence": "operator_reported_not_independently_verified",
                            "completeness": "partial",
                            "finalized": false,
                            "verified": false
                        },
                        "labor": {
                            "amount_cents": null,
                            "basis": "UNAVAILABLE",
                            "source": "no_paid_payroll_source",
                            "scope": "paid_labor",
                            "provider_id": "",
                            "calculated_at_utc": null,
                            "freshness": "unknown",
                            "confidence": "partial",
                            "completeness": "partial",
                            "finalized": false,
                            "verified": false
                        }
                    },
                    "actual": {
                        "gross": {
                            "amount_cents": null,
                            "basis": "UNAVAILABLE",
                            "source": "incomplete_revenue_channels",
                            "scope": "complete_event_gross",
                            "provider_id": "",
                            "calculated_at_utc": null,
                            "freshness": "unknown",
                            "confidence": "partial",
                            "completeness": "partial",
                            "finalized": false,
                            "verified": false
                        },
                        "ticket_receipts": {
                            "amount_cents": 0,
                            "basis": "TRANSACTIONAL_ACTUAL",
                            "source": "core_ticket_revenue",
                            "scope": "ticket_channels_only",
                            "provider_id": "",
                            "calculated_at_utc": "2026-09-06 19:13:15",
                            "freshness": "calculated_from_available_records",
                            "confidence": "partial",
                            "completeness": "partial",
                            "finalized": false,
                            "verified": false,
                            "source_label": "VMS ticket revenue rows",
                            "provider_version": "",
                            "provider_freshness": [],
                            "amount_definition": "Ticket receipts: Woo net of refunds; POS follows provider scope. Not accounting gross."
                        },
                        "known_costs": {
                            "amount_cents": 0,
                            "basis": "MANUAL_ACTUAL",
                            "source": "reported_direct_and_processing",
                            "scope": "known_costs_only",
                            "provider_id": "",
                            "calculated_at_utc": null,
                            "freshness": "unknown",
                            "confidence": "partial",
                            "completeness": "partial",
                            "finalized": false,
                            "verified": false
                        },
                        "margin": {
                            "amount_cents": 0,
                            "basis": "DERIVED_ACTUAL",
                            "source": "ticket_receipts_less_known_reported_costs",
                            "scope": "ticket_contribution_excluding_labor_and_missing_costs",
                            "provider_id": "",
                            "calculated_at_utc": null,
                            "freshness": "unknown",
                            "confidence": "provisional",
                            "completeness": "partial",
                            "finalized": false,
                            "verified": false,
                            "component_bases": [
                                "TRANSACTIONAL_ACTUAL",
                                "MANUAL_ACTUAL"
                            ]
                        }
                    },
                    "staffing": {
                        "planned": {
                            "amount_cents": 5000,
                            "basis": "PLANNED_LABOR",
                            "source": "normalized_staffing_lifecycle",
                            "scope": "active_slot_required_headcount",
                            "provider_id": "",
                            "calculated_at_utc": null,
                            "freshness": "current_normalized_rows",
                            "confidence": "partial",
                            "completeness": "partial",
                            "finalized": false,
                            "verified": false,
                            "reason": "",
                            "authority": "normalized",
                            "legacy_ignored": false,
                            "planned_headcount": 2,
                            "proposed_headcount": 0,
                            "confirmed_headcount": 1,
                            "excluded_assignment_count": 0,
                            "assignment_revisions": {
                                "41": 2
                            },
                            "rate_precedence": "assignment_override_then_slot_then_role",
                            "actual_reason": "no_verified_payroll_authority",
                            "fingerprint": "843f3ed1ce823ebab06f907055e9b4649bf9c5b01a7d961be85b2a6cfd592571"
                        },
                        "committed": {
                            "amount_cents": 2500,
                            "basis": "COMMITTED_LABOR",
                            "source": "normalized_staffing_lifecycle",
                            "scope": "confirmed_assignment_estimate",
                            "provider_id": "",
                            "calculated_at_utc": null,
                            "freshness": "current_normalized_rows",
                            "confidence": "partial",
                            "completeness": "partial",
                            "finalized": false,
                            "verified": false,
                            "reason": "",
                            "authority": "normalized",
                            "legacy_ignored": false,
                            "planned_headcount": 2,
                            "proposed_headcount": 0,
                            "confirmed_headcount": 1,
                            "excluded_assignment_count": 0,
                            "assignment_revisions": {
                                "41": 2
                            },
                            "rate_precedence": "assignment_override_then_slot_then_role",
                            "actual_reason": "no_verified_payroll_authority",
                            "fingerprint": "843f3ed1ce823ebab06f907055e9b4649bf9c5b01a7d961be85b2a6cfd592571"
                        },
                        "actual": {
                            "amount_cents": null,
                            "basis": "UNAVAILABLE",
                            "source": "no_paid_payroll_source",
                            "scope": "paid_labor",
                            "provider_id": "",
                            "calculated_at_utc": null,
                            "freshness": "unknown",
                            "confidence": "partial",
                            "completeness": "partial",
                            "finalized": false,
                            "verified": false
                        }
                    },
                    "forecast": {
                        "gross": {
                            "amount_cents": 0,
                            "basis": "FORECAST",
                            "source": "goals_forecast_model",
                            "scope": "modeled_event_revenue",
                            "provider_id": "",
                            "calculated_at_utc": null,
                            "freshness": "unknown",
                            "confidence": "partial",
                            "completeness": "partial",
                            "finalized": false,
                            "verified": false
                        },
                        "costs": {
                            "amount_cents": 5000,
                            "basis": "FORECAST",
                            "source": "configured_costs_and_planned_labor",
                            "scope": "direct_costs_excluding_overhead",
                            "provider_id": "",
                            "calculated_at_utc": null,
                            "freshness": "unknown",
                            "confidence": "partial",
                            "completeness": "partial",
                            "finalized": false,
                            "verified": false
                        },
                        "margin": {
                            "amount_cents": -5000,
                            "basis": "FORECAST",
                            "source": "goals_model_less_planned_labor",
                            "scope": "direct_margin_excluding_overhead",
                            "provider_id": "",
                            "calculated_at_utc": null,
                            "freshness": "unknown",
                            "confidence": "partial",
                            "completeness": "partial",
                            "finalized": false,
                            "verified": false
                        },
                        "labor": {
                            "amount_cents": 5000,
                            "basis": "PLANNED_LABOR",
                            "source": "normalized_staffing_lifecycle",
                            "scope": "active_slot_required_headcount",
                            "provider_id": "",
                            "calculated_at_utc": null,
                            "freshness": "current_normalized_rows",
                            "confidence": "partial",
                            "completeness": "partial",
                            "finalized": false,
                            "verified": false,
                            "reason": "",
                            "authority": "normalized",
                            "legacy_ignored": false,
                            "planned_headcount": 2,
                            "proposed_headcount": 0,
                            "confirmed_headcount": 1,
                            "excluded_assignment_count": 0,
                            "assignment_revisions": {
                                "41": 2
                            },
                            "rate_precedence": "assignment_override_then_slot_then_role",
                            "actual_reason": "no_verified_payroll_authority",
                            "fingerprint": "843f3ed1ce823ebab06f907055e9b4649bf9c5b01a7d961be85b2a6cfd592571"
                        },
                        "direct": {
                            "amount_cents": 0,
                            "basis": "FORECAST",
                            "source": "configured_compensation",
                            "scope": "direct_costs",
                            "provider_id": "",
                            "calculated_at_utc": null,
                            "freshness": "unknown",
                            "confidence": "partial",
                            "completeness": "partial",
                            "finalized": false,
                            "verified": false
                        },
                        "processing": {
                            "amount_cents": 0,
                            "basis": "FORECAST",
                            "source": "configured_processing_fees",
                            "scope": "processing",
                            "provider_id": "",
                            "calculated_at_utc": null,
                            "freshness": "unknown",
                            "confidence": "partial",
                            "completeness": "partial",
                            "finalized": false,
                            "verified": false
                        }
                    },
                    "final": {
                        "amount_cents": null,
                        "basis": "UNAVAILABLE",
                        "source": "no_accounting_final_source",
                        "scope": "event",
                        "provider_id": "",
                        "calculated_at_utc": null,
                        "freshness": "unknown",
                        "confidence": "partial",
                        "completeness": "partial",
                        "finalized": false,
                        "verified": false
                    },
                    "recorded_observations": [],
                    "ticket_qty": 0,
                    "warnings": []
                },
                "contribution_basis": "MIXED_PLANNING_ESTIMATE",
                "processing_cents": 0,
                "ticket_revenue_cents": 0,
                "concessions_cents": 0,
                "vendor_cost_cents": 0,
                "labor_cents": 5000,
                "core_profit_cents": -5000,
                "estimated_bar_profit_cents": 0,
                "total_contribution_cents": -5000,
                "edit_link": "http://127.0.0.1:8791/wp-admin/post.php?post=78&action=edit"
            },
            "goals_html_sha256": "8ca808cde90fdcade76c0081cda6df4905c6b760e987997ceddd2b001347f917",
            "profitability_html_sha256": "9f367766a8ee9629587b34d645cc3571c4fa9e63ec7f77e8ae63f5d9a2e43d6b"
        },
        "canceled": {
            "snapshot": {
                "contract_version": 2,
                "event_plan_id": 78,
                "revenue": {
                    "tickets": {
                        "amount_cents": 0,
                        "basis": "TRANSACTIONAL_ACTUAL",
                        "source": "core_ticket_revenue",
                        "scope": "ticket_channels_only",
                        "provider_id": "",
                        "calculated_at_utc": "2026-09-06 19:13:15",
                        "freshness": "calculated_from_available_records",
                        "confidence": "partial",
                        "completeness": "partial",
                        "finalized": false,
                        "verified": false,
                        "source_label": "VMS ticket revenue rows",
                        "provider_version": "",
                        "provider_freshness": [],
                        "amount_definition": "Ticket receipts: Woo net of refunds; POS follows provider scope. Not accounting gross."
                    },
                    "add_ons": {
                        "amount_cents": null,
                        "basis": "UNAVAILABLE",
                        "source": "no_distinct_revenue_contract",
                        "scope": "add_ons",
                        "provider_id": "",
                        "calculated_at_utc": null,
                        "freshness": "unknown",
                        "confidence": "partial",
                        "completeness": "partial",
                        "finalized": false,
                        "verified": false
                    },
                    "pos_other": {
                        "amount_cents": null,
                        "basis": "UNAVAILABLE",
                        "source": "no_nonoverlapping_revenue_contract",
                        "scope": "pos_non_ticket",
                        "provider_id": "",
                        "calculated_at_utc": null,
                        "freshness": "unknown",
                        "confidence": "partial",
                        "completeness": "partial",
                        "finalized": false,
                        "verified": false
                    },
                    "manual_concessions": {
                        "amount_cents": 0,
                        "basis": "MANUAL_ACTUAL",
                        "source": "event_plan_manual_concessions",
                        "scope": "concessions",
                        "provider_id": "",
                        "calculated_at_utc": null,
                        "freshness": "unknown",
                        "confidence": "operator_reported_not_independently_verified",
                        "completeness": "partial",
                        "finalized": false,
                        "verified": false
                    },
                    "manual_override": {
                        "amount_cents": null,
                        "basis": "UNAVAILABLE",
                        "source": "no_verified_event_override_contract",
                        "scope": "event_total",
                        "provider_id": "",
                        "calculated_at_utc": null,
                        "freshness": "unknown",
                        "confidence": "partial",
                        "completeness": "partial",
                        "finalized": false,
                        "verified": false
                    }
                },
                "costs": {
                    "direct": {
                        "amount_cents": 0,
                        "basis": "MANUAL_ACTUAL",
                        "source": "event_plan_direct",
                        "scope": "direct_cost",
                        "provider_id": "",
                        "calculated_at_utc": null,
                        "freshness": "unknown",
                        "confidence": "operator_reported_not_independently_verified",
                        "completeness": "partial",
                        "finalized": false,
                        "verified": false
                    },
                    "processing": {
                        "amount_cents": 0,
                        "basis": "MANUAL_ACTUAL",
                        "source": "event_plan_processing",
                        "scope": "processing_cost",
                        "provider_id": "",
                        "calculated_at_utc": null,
                        "freshness": "unknown",
                        "confidence": "operator_reported_not_independently_verified",
                        "completeness": "partial",
                        "finalized": false,
                        "verified": false
                    },
                    "labor": {
                        "amount_cents": null,
                        "basis": "UNAVAILABLE",
                        "source": "no_paid_payroll_source",
                        "scope": "paid_labor",
                        "provider_id": "",
                        "calculated_at_utc": null,
                        "freshness": "unknown",
                        "confidence": "partial",
                        "completeness": "partial",
                        "finalized": false,
                        "verified": false
                    }
                },
                "actual": {
                    "gross": {
                        "amount_cents": null,
                        "basis": "UNAVAILABLE",
                        "source": "incomplete_revenue_channels",
                        "scope": "complete_event_gross",
                        "provider_id": "",
                        "calculated_at_utc": null,
                        "freshness": "unknown",
                        "confidence": "partial",
                        "completeness": "partial",
                        "finalized": false,
                        "verified": false
                    },
                    "ticket_receipts": {
                        "amount_cents": 0,
                        "basis": "TRANSACTIONAL_ACTUAL",
                        "source": "core_ticket_revenue",
                        "scope": "ticket_channels_only",
                        "provider_id": "",
                        "calculated_at_utc": "2026-09-06 19:13:15",
                        "freshness": "calculated_from_available_records",
                        "confidence": "partial",
                        "completeness": "partial",
                        "finalized": false,
                        "verified": false,
                        "source_label": "VMS ticket revenue rows",
                        "provider_version": "",
                        "provider_freshness": [],
                        "amount_definition": "Ticket receipts: Woo net of refunds; POS follows provider scope. Not accounting gross."
                    },
                    "known_costs": {
                        "amount_cents": 0,
                        "basis": "MANUAL_ACTUAL",
                        "source": "reported_direct_and_processing",
                        "scope": "known_costs_only",
                        "provider_id": "",
                        "calculated_at_utc": null,
                        "freshness": "unknown",
                        "confidence": "partial",
                        "completeness": "partial",
                        "finalized": false,
                        "verified": false
                    },
                    "margin": {
                        "amount_cents": 0,
                        "basis": "DERIVED_ACTUAL",
                        "source": "ticket_receipts_less_known_reported_costs",
                        "scope": "ticket_contribution_excluding_labor_and_missing_costs",
                        "provider_id": "",
                        "calculated_at_utc": null,
                        "freshness": "unknown",
                        "confidence": "provisional",
                        "completeness": "partial",
                        "finalized": false,
                        "verified": false,
                        "component_bases": [
                            "TRANSACTIONAL_ACTUAL",
                            "MANUAL_ACTUAL"
                        ]
                    }
                },
                "staffing": {
                    "planned": {
                        "amount_cents": 5000,
                        "basis": "PLANNED_LABOR",
                        "source": "normalized_staffing_lifecycle",
                        "scope": "active_slot_required_headcount",
                        "provider_id": "",
                        "calculated_at_utc": null,
                        "freshness": "current_normalized_rows",
                        "confidence": "partial",
                        "completeness": "partial",
                        "finalized": false,
                        "verified": false,
                        "reason": "",
                        "authority": "normalized",
                        "legacy_ignored": false,
                        "planned_headcount": 2,
                        "proposed_headcount": 0,
                        "confirmed_headcount": 0,
                        "excluded_assignment_count": 1,
                        "assignment_revisions": [],
                        "rate_precedence": "assignment_override_then_slot_then_role",
                        "actual_reason": "no_verified_payroll_authority",
                        "fingerprint": "b5d398b050729b3232f9e3c6e05fea660125e1bae019ec59fa97726c0c8c9d6a"
                    },
                    "committed": {
                        "amount_cents": 0,
                        "basis": "COMMITTED_LABOR",
                        "source": "normalized_staffing_lifecycle",
                        "scope": "confirmed_assignment_estimate",
                        "provider_id": "",
                        "calculated_at_utc": null,
                        "freshness": "current_normalized_rows",
                        "confidence": "partial",
                        "completeness": "partial",
                        "finalized": false,
                        "verified": false,
                        "reason": "",
                        "authority": "normalized",
                        "legacy_ignored": false,
                        "planned_headcount": 2,
                        "proposed_headcount": 0,
                        "confirmed_headcount": 0,
                        "excluded_assignment_count": 1,
                        "assignment_revisions": [],
                        "rate_precedence": "assignment_override_then_slot_then_role",
                        "actual_reason": "no_verified_payroll_authority",
                        "fingerprint": "b5d398b050729b3232f9e3c6e05fea660125e1bae019ec59fa97726c0c8c9d6a"
                    },
                    "actual": {
                        "amount_cents": null,
                        "basis": "UNAVAILABLE",
                        "source": "no_paid_payroll_source",
                        "scope": "paid_labor",
                        "provider_id": "",
                        "calculated_at_utc": null,
                        "freshness": "unknown",
                        "confidence": "partial",
                        "completeness": "partial",
                        "finalized": false,
                        "verified": false
                    }
                },
                "forecast": {
                    "gross": {
                        "amount_cents": 0,
                        "basis": "FORECAST",
                        "source": "goals_forecast_model",
                        "scope": "modeled_event_revenue",
                        "provider_id": "",
                        "calculated_at_utc": null,
                        "freshness": "unknown",
                        "confidence": "partial",
                        "completeness": "partial",
                        "finalized": false,
                        "verified": false
                    },
                    "costs": {
                        "amount_cents": 5000,
                        "basis": "FORECAST",
                        "source": "configured_costs_and_planned_labor",
                        "scope": "direct_costs_excluding_overhead",
                        "provider_id": "",
                        "calculated_at_utc": null,
                        "freshness": "unknown",
                        "confidence": "partial",
                        "completeness": "partial",
                        "finalized": false,
                        "verified": false
                    },
                    "margin": {
                        "amount_cents": -5000,
                        "basis": "FORECAST",
                        "source": "goals_model_less_planned_labor",
                        "scope": "direct_margin_excluding_overhead",
                        "provider_id": "",
                        "calculated_at_utc": null,
                        "freshness": "unknown",
                        "confidence": "partial",
                        "completeness": "partial",
                        "finalized": false,
                        "verified": false
                    },
                    "labor": {
                        "amount_cents": 5000,
                        "basis": "PLANNED_LABOR",
                        "source": "normalized_staffing_lifecycle",
                        "scope": "active_slot_required_headcount",
                        "provider_id": "",
                        "calculated_at_utc": null,
                        "freshness": "current_normalized_rows",
                        "confidence": "partial",
                        "completeness": "partial",
                        "finalized": false,
                        "verified": false,
                        "reason": "",
                        "authority": "normalized",
                        "legacy_ignored": false,
                        "planned_headcount": 2,
                        "proposed_headcount": 0,
                        "confirmed_headcount": 0,
                        "excluded_assignment_count": 1,
                        "assignment_revisions": [],
                        "rate_precedence": "assignment_override_then_slot_then_role",
                        "actual_reason": "no_verified_payroll_authority",
                        "fingerprint": "b5d398b050729b3232f9e3c6e05fea660125e1bae019ec59fa97726c0c8c9d6a"
                    },
                    "direct": {
                        "amount_cents": 0,
                        "basis": "FORECAST",
                        "source": "configured_compensation",
                        "scope": "direct_costs",
                        "provider_id": "",
                        "calculated_at_utc": null,
                        "freshness": "unknown",
                        "confidence": "partial",
                        "completeness": "partial",
                        "finalized": false,
                        "verified": false
                    },
                    "processing": {
                        "amount_cents": 0,
                        "basis": "FORECAST",
                        "source": "configured_processing_fees",
                        "scope": "processing",
                        "provider_id": "",
                        "calculated_at_utc": null,
                        "freshness": "unknown",
                        "confidence": "partial",
                        "completeness": "partial",
                        "finalized": false,
                        "verified": false
                    }
                },
                "final": {
                    "amount_cents": null,
                    "basis": "UNAVAILABLE",
                    "source": "no_accounting_final_source",
                    "scope": "event",
                    "provider_id": "",
                    "calculated_at_utc": null,
                    "freshness": "unknown",
                    "confidence": "partial",
                    "completeness": "partial",
                    "finalized": false,
                    "verified": false
                },
                "recorded_observations": [],
                "ticket_qty": 0,
                "warnings": []
            },
            "ticket_truth": {
                "available": true,
                "calculated": true,
                "source": "core_ticket_revenue",
                "source_label": "VMS ticket revenue rows",
                "paid_qty": 0,
                "free_qty": 0,
                "total_qty": 0,
                "revenue_cents": 0,
                "warnings": []
            },
            "profitability_row": {
                "event_plan_id": 78,
                "title": "Financial provider absent 83347ee3-69c5-4750-978d-fb404a5d36b1",
                "event_ts": 1976529600,
                "event_date_raw": "2032-08-19",
                "event_date_label": "August 19, 2032",
                "start_time_label": "12:00",
                "is_past": false,
                "status": "confirmed",
                "status_label": "Confirmed",
                "stage_label": "Projected",
                "badge_label": "Bust",
                "badge_class": "is-bust",
                "venue_name": "",
                "ticket_qty": 0,
                "financial_snapshot": {
                    "contract_version": 2,
                    "event_plan_id": 78,
                    "revenue": {
                        "tickets": {
                            "amount_cents": 0,
                            "basis": "TRANSACTIONAL_ACTUAL",
                            "source": "core_ticket_revenue",
                            "scope": "ticket_channels_only",
                            "provider_id": "",
                            "calculated_at_utc": "2026-09-06 19:13:15",
                            "freshness": "calculated_from_available_records",
                            "confidence": "partial",
                            "completeness": "partial",
                            "finalized": false,
                            "verified": false,
                            "source_label": "VMS ticket revenue rows",
                            "provider_version": "",
                            "provider_freshness": [],
                            "amount_definition": "Ticket receipts: Woo net of refunds; POS follows provider scope. Not accounting gross."
                        },
                        "add_ons": {
                            "amount_cents": null,
                            "basis": "UNAVAILABLE",
                            "source": "no_distinct_revenue_contract",
                            "scope": "add_ons",
                            "provider_id": "",
                            "calculated_at_utc": null,
                            "freshness": "unknown",
                            "confidence": "partial",
                            "completeness": "partial",
                            "finalized": false,
                            "verified": false
                        },
                        "pos_other": {
                            "amount_cents": null,
                            "basis": "UNAVAILABLE",
                            "source": "no_nonoverlapping_revenue_contract",
                            "scope": "pos_non_ticket",
                            "provider_id": "",
                            "calculated_at_utc": null,
                            "freshness": "unknown",
                            "confidence": "partial",
                            "completeness": "partial",
                            "finalized": false,
                            "verified": false
                        },
                        "manual_concessions": {
                            "amount_cents": 0,
                            "basis": "MANUAL_ACTUAL",
                            "source": "event_plan_manual_concessions",
                            "scope": "concessions",
                            "provider_id": "",
                            "calculated_at_utc": null,
                            "freshness": "unknown",
                            "confidence": "operator_reported_not_independently_verified",
                            "completeness": "partial",
                            "finalized": false,
                            "verified": false
                        },
                        "manual_override": {
                            "amount_cents": null,
                            "basis": "UNAVAILABLE",
                            "source": "no_verified_event_override_contract",
                            "scope": "event_total",
                            "provider_id": "",
                            "calculated_at_utc": null,
                            "freshness": "unknown",
                            "confidence": "partial",
                            "completeness": "partial",
                            "finalized": false,
                            "verified": false
                        }
                    },
                    "costs": {
                        "direct": {
                            "amount_cents": 0,
                            "basis": "MANUAL_ACTUAL",
                            "source": "event_plan_direct",
                            "scope": "direct_cost",
                            "provider_id": "",
                            "calculated_at_utc": null,
                            "freshness": "unknown",
                            "confidence": "operator_reported_not_independently_verified",
                            "completeness": "partial",
                            "finalized": false,
                            "verified": false
                        },
                        "processing": {
                            "amount_cents": 0,
                            "basis": "MANUAL_ACTUAL",
                            "source": "event_plan_processing",
                            "scope": "processing_cost",
                            "provider_id": "",
                            "calculated_at_utc": null,
                            "freshness": "unknown",
                            "confidence": "operator_reported_not_independently_verified",
                            "completeness": "partial",
                            "finalized": false,
                            "verified": false
                        },
                        "labor": {
                            "amount_cents": null,
                            "basis": "UNAVAILABLE",
                            "source": "no_paid_payroll_source",
                            "scope": "paid_labor",
                            "provider_id": "",
                            "calculated_at_utc": null,
                            "freshness": "unknown",
                            "confidence": "partial",
                            "completeness": "partial",
                            "finalized": false,
                            "verified": false
                        }
                    },
                    "actual": {
                        "gross": {
                            "amount_cents": null,
                            "basis": "UNAVAILABLE",
                            "source": "incomplete_revenue_channels",
                            "scope": "complete_event_gross",
                            "provider_id": "",
                            "calculated_at_utc": null,
                            "freshness": "unknown",
                            "confidence": "partial",
                            "completeness": "partial",
                            "finalized": false,
                            "verified": false
                        },
                        "ticket_receipts": {
                            "amount_cents": 0,
                            "basis": "TRANSACTIONAL_ACTUAL",
                            "source": "core_ticket_revenue",
                            "scope": "ticket_channels_only",
                            "provider_id": "",
                            "calculated_at_utc": "2026-09-06 19:13:15",
                            "freshness": "calculated_from_available_records",
                            "confidence": "partial",
                            "completeness": "partial",
                            "finalized": false,
                            "verified": false,
                            "source_label": "VMS ticket revenue rows",
                            "provider_version": "",
                            "provider_freshness": [],
                            "amount_definition": "Ticket receipts: Woo net of refunds; POS follows provider scope. Not accounting gross."
                        },
                        "known_costs": {
                            "amount_cents": 0,
                            "basis": "MANUAL_ACTUAL",
                            "source": "reported_direct_and_processing",
                            "scope": "known_costs_only",
                            "provider_id": "",
                            "calculated_at_utc": null,
                            "freshness": "unknown",
                            "confidence": "partial",
                            "completeness": "partial",
                            "finalized": false,
                            "verified": false
                        },
                        "margin": {
                            "amount_cents": 0,
                            "basis": "DERIVED_ACTUAL",
                            "source": "ticket_receipts_less_known_reported_costs",
                            "scope": "ticket_contribution_excluding_labor_and_missing_costs",
                            "provider_id": "",
                            "calculated_at_utc": null,
                            "freshness": "unknown",
                            "confidence": "provisional",
                            "completeness": "partial",
                            "finalized": false,
                            "verified": false,
                            "component_bases": [
                                "TRANSACTIONAL_ACTUAL",
                                "MANUAL_ACTUAL"
                            ]
                        }
                    },
                    "staffing": {
                        "planned": {
                            "amount_cents": 5000,
                            "basis": "PLANNED_LABOR",
                            "source": "normalized_staffing_lifecycle",
                            "scope": "active_slot_required_headcount",
                            "provider_id": "",
                            "calculated_at_utc": null,
                            "freshness": "current_normalized_rows",
                            "confidence": "partial",
                            "completeness": "partial",
                            "finalized": false,
                            "verified": false,
                            "reason": "",
                            "authority": "normalized",
                            "legacy_ignored": false,
                            "planned_headcount": 2,
                            "proposed_headcount": 0,
                            "confirmed_headcount": 0,
                            "excluded_assignment_count": 1,
                            "assignment_revisions": [],
                            "rate_precedence": "assignment_override_then_slot_then_role",
                            "actual_reason": "no_verified_payroll_authority",
                            "fingerprint": "b5d398b050729b3232f9e3c6e05fea660125e1bae019ec59fa97726c0c8c9d6a"
                        },
                        "committed": {
                            "amount_cents": 0,
                            "basis": "COMMITTED_LABOR",
                            "source": "normalized_staffing_lifecycle",
                            "scope": "confirmed_assignment_estimate",
                            "provider_id": "",
                            "calculated_at_utc": null,
                            "freshness": "current_normalized_rows",
                            "confidence": "partial",
                            "completeness": "partial",
                            "finalized": false,
                            "verified": false,
                            "reason": "",
                            "authority": "normalized",
                            "legacy_ignored": false,
                            "planned_headcount": 2,
                            "proposed_headcount": 0,
                            "confirmed_headcount": 0,
                            "excluded_assignment_count": 1,
                            "assignment_revisions": [],
                            "rate_precedence": "assignment_override_then_slot_then_role",
                            "actual_reason": "no_verified_payroll_authority",
                            "fingerprint": "b5d398b050729b3232f9e3c6e05fea660125e1bae019ec59fa97726c0c8c9d6a"
                        },
                        "actual": {
                            "amount_cents": null,
                            "basis": "UNAVAILABLE",
                            "source": "no_paid_payroll_source",
                            "scope": "paid_labor",
                            "provider_id": "",
                            "calculated_at_utc": null,
                            "freshness": "unknown",
                            "confidence": "partial",
                            "completeness": "partial",
                            "finalized": false,
                            "verified": false
                        }
                    },
                    "forecast": {
                        "gross": {
                            "amount_cents": 0,
                            "basis": "FORECAST",
                            "source": "goals_forecast_model",
                            "scope": "modeled_event_revenue",
                            "provider_id": "",
                            "calculated_at_utc": null,
                            "freshness": "unknown",
                            "confidence": "partial",
                            "completeness": "partial",
                            "finalized": false,
                            "verified": false
                        },
                        "costs": {
                            "amount_cents": 5000,
                            "basis": "FORECAST",
                            "source": "configured_costs_and_planned_labor",
                            "scope": "direct_costs_excluding_overhead",
                            "provider_id": "",
                            "calculated_at_utc": null,
                            "freshness": "unknown",
                            "confidence": "partial",
                            "completeness": "partial",
                            "finalized": false,
                            "verified": false
                        },
                        "margin": {
                            "amount_cents": -5000,
                            "basis": "FORECAST",
                            "source": "goals_model_less_planned_labor",
                            "scope": "direct_margin_excluding_overhead",
                            "provider_id": "",
                            "calculated_at_utc": null,
                            "freshness": "unknown",
                            "confidence": "partial",
                            "completeness": "partial",
                            "finalized": false,
                            "verified": false
                        },
                        "labor": {
                            "amount_cents": 5000,
                            "basis": "PLANNED_LABOR",
                            "source": "normalized_staffing_lifecycle",
                            "scope": "active_slot_required_headcount",
                            "provider_id": "",
                            "calculated_at_utc": null,
                            "freshness": "current_normalized_rows",
                            "confidence": "partial",
                            "completeness": "partial",
                            "finalized": false,
                            "verified": false,
                            "reason": "",
                            "authority": "normalized",
                            "legacy_ignored": false,
                            "planned_headcount": 2,
                            "proposed_headcount": 0,
                            "confirmed_headcount": 0,
                            "excluded_assignment_count": 1,
                            "assignment_revisions": [],
                            "rate_precedence": "assignment_override_then_slot_then_role",
                            "actual_reason": "no_verified_payroll_authority",
                            "fingerprint": "b5d398b050729b3232f9e3c6e05fea660125e1bae019ec59fa97726c0c8c9d6a"
                        },
                        "direct": {
                            "amount_cents": 0,
                            "basis": "FORECAST",
                            "source": "configured_compensation",
                            "scope": "direct_costs",
                            "provider_id": "",
                            "calculated_at_utc": null,
                            "freshness": "unknown",
                            "confidence": "partial",
                            "completeness": "partial",
                            "finalized": false,
                            "verified": false
                        },
                        "processing": {
                            "amount_cents": 0,
                            "basis": "FORECAST",
                            "source": "configured_processing_fees",
                            "scope": "processing",
                            "provider_id": "",
                            "calculated_at_utc": null,
                            "freshness": "unknown",
                            "confidence": "partial",
                            "completeness": "partial",
                            "finalized": false,
                            "verified": false
                        }
                    },
                    "final": {
                        "amount_cents": null,
                        "basis": "UNAVAILABLE",
                        "source": "no_accounting_final_source",
                        "scope": "event",
                        "provider_id": "",
                        "calculated_at_utc": null,
                        "freshness": "unknown",
                        "confidence": "partial",
                        "completeness": "partial",
                        "finalized": false,
                        "verified": false
                    },
                    "recorded_observations": [],
                    "ticket_qty": 0,
                    "warnings": []
                },
                "contribution_basis": "MIXED_PLANNING_ESTIMATE",
                "processing_cents": 0,
                "ticket_revenue_cents": 0,
                "concessions_cents": 0,
                "vendor_cost_cents": 0,
                "labor_cents": 5000,
                "core_profit_cents": -5000,
                "estimated_bar_profit_cents": 0,
                "total_contribution_cents": -5000,
                "edit_link": "http://127.0.0.1:8791/wp-admin/post.php?post=78&action=edit"
            },
            "goals_html_sha256": "3ca91b5a18c3ff63a13c77a476eeb0637374522ba74fea4320b2c4a8f255b12c",
            "profitability_html_sha256": "1303f699d7169df1aa589daf69381ae94d8db530f59d88b41acae46990789193"
        }
    }
}
